{"_class":"document","do_objectID":"82E174E6-A144-44B3-9A60-6C0926448B61","assets":{"_class":"assetCollection","colors":[{"_class":"color","alpha":1,"blue":0.3098039215686275,"green":0.1058823529411765,"red":0.06274509803921569},{"_class":"color","alpha":1,"blue":0.6079225540161133,"green":0.6078033447265625,"red":0.6078922152519226},{"_class":"color","alpha":1,"blue":0.7574936224489796,"green":0.4081321611404676,"red":0.3006781029765125},{"_class":"color","alpha":1,"blue":0.4544902368403821,"green":0.7902582908163265,"red":0.1232595889992479}],"gradients":[],"imageCollection":{"_class":"imageCollection","images":{}},"images":[]},"colorSpace":0,"currentPageIndex":0,"foreignSymbols":[],"layerStyles":{"_class":"sharedStyleContainer","objects":[]},"layerSymbols":{"_class":"symbolContainer","objects":[]},"layerTextStyles":{"_class":"sharedTextStyleContainer","objects":[]},"pages":[{"_class":"MSJSONFileReference","_ref_class":"MSImmutablePage","_ref":"pages\/60F1EE32-CF8B-44E8-86B6-A02E3F176465"},{"_class":"MSJSONFileReference","_ref_class":"MSImmutablePage","_ref":"pages\/0B168898-736D-44D0-9C1B-7642D26F6E60"}],"userInfo":{"com.invisionlabs.sync":{"metadata":"{\"hasSynced\":0,\"hasProjectIdChanged\":0,\"projectId\":0,\"publicLink\":\"\",\"resolution\":2,\"syncAll\":1}"}}}