{"commit":"2b45d75f77b3d86c8cfab3e1090bcc520c37ea74","pagesAndArtboards":{"60F1EE32-CF8B-44E8-86B6-A02E3F176465":{"name":"Page 1","artboards":{"FBEFEC46-AC8B-47FD-8263-277E85A8F366":{"name":"chat copy"}}},"0B168898-736D-44D0-9C1B-7642D26F6E60":{"name":"Symbols","artboards":{"7DA84E3F-6AAE-4373-9999-055C263AF542":{"name":"footer"},"6D26B67C-8F55-4962-91E3-13B3C242710D":{"name":"menu"},"EC3EC284-B70E-418D-B996-BCF5D5315C5B":{"name":"list\/messeges"}}}},"version":101,"fonts":["AvenirNext-Bold","AvenirNext-UltraLight","AvenirNext-Medium","AvenirNext-DemiBold","AvenirNext-Regular"],"compatibilityVersion":93,"app":"com.bohemiancoding.sketch3","autosaved":0,"variant":"NONAPPSTORE","created":{"commit":"2b45d75f77b3d86c8cfab3e1090bcc520c37ea74","appVersion":"49.3","build":51167,"app":"com.bohemiancoding.sketch3","compatibilityVersion":93,"version":101,"variant":"NONAPPSTORE"},"saveHistory":["NONAPPSTORE.51167"],"appVersion":"49.3","build":51167}